{"cameraMode":{"drawMode":0,"name":"Shaded","section":"Shading Mode"},"sceneLighting":true,"audioPlay":false,"sceneViewState":{"showFog":true,"showMaterialUpdate":false,"showSkybox":true,"showFlares":true,"showImageEffects":true,"showParticleSystems":true},"in2DMode":false,"pivot":{"x":13.300000190734864,"y":17.200000762939454,"z":9.5},"rotation":{"x":0.3594994843006134,"y":-0.18844401836395265,"z":0.07437266409397125,"w":0.9109002947807312},"size":39.13856506347656,"orthographic":true}